,Normal,Pathological,Suspect,accuracy,macro avg,weighted avg
precision,0.8414322250639387,1.0,0.6842105263157895,0.8403755868544601,0.8418809171265761,0.8286065836396762
recall,0.987987987987988,0.5517241379310345,0.203125,0.8403755868544601,0.5809457086396742,0.8403755868544601
f1-score,0.9088397790055248,0.7111111111111111,0.3132530120481928,0.8403755868544601,0.6444013007216096,0.8059015525871979
support,333.0,29.0,64.0,0.8403755868544601,426.0,426.0
