,Normal,Pathological,Suspect,accuracy,macro avg,weighted avg
precision,0.9616519174041298,0.896551724137931,0.8620689655172413,0.9436619718309859,0.906757535686434,0.9422593950438466
recall,0.978978978978979,0.896551724137931,0.78125,0.9436619718309859,0.8855935677056367,0.9436619718309859
f1-score,0.9702380952380952,0.896551724137931,0.819672131147541,0.9436619718309859,0.8954873168411891,0.9426016481402073
support,333.0,29.0,64.0,0.9436619718309859,426.0,426.0
